AssignmentID,TaskID,ResourceID,Allocation,AssignmentStartDate,AssignmentFinishDate
ASN-001,TSK-001,RES-001,80,2026-01-05,2026-02-20
ASN-002,TSK-002,RES-001,70,2026-02-23,2026-08-10
ASN-003,TSK-002,RES-002,80,2026-02-23,2026-08-10
ASN-004,TSK-003,RES-001,60,2026-05-01,2026-10-16
ASN-005,TSK-003,RES-003,60,2026-05-01,2026-10-16
ASN-006,TSK-004,RES-003,50,2026-10-19,2027-01-15
ASN-007,TSK-006,RES-004,50,2026-02-02,2026-04-24
ASN-008,TSK-007,RES-004,50,2026-04-27,2026-07-31
ASN-009,TSK-008,RES-004,20,2026-08-21,2026-08-21
